"m3","y30","y1","m6","y2","y10","y3","time","y5","y7"
"8","8.258571","7.920952","7.956190","8.085238","8.206667","8.132381","1990-01-31","8.119524","8.196190"
"8","8.503684","8.111053","8.121053","8.370526","8.473158","8.386842","1990-02-28","8.424737","8.475789"
"8","8.563182","8.350000","8.280000","8.626818","8.588636","8.627273","1990-03-31","8.600455","8.648182"
"8","8.756000","8.4045","8.2700","8.724000","8.7855","8.782500","1990-04-30","8.7680","8.813000"
"8","8.731364","8.316364","8.190909","8.642273","8.758182","8.692273","1990-05-31","8.735909","8.783636"
"8","8.457619","8.096190","8.045238","8.350952","8.480000","8.398095","1990-06-30","8.430476","8.517619"
"8","8.498095","7.940952","7.923333","8.157143","8.471429","8.264762","1990-07-31","8.330952","8.455238"
"8","8.863478","7.779130","7.766087","8.061304","8.752609","8.218696","1990-08-31","8.436522","8.643913"
"8","9.028947","7.763158","7.698421","8.079474","8.893158","8.267368","1990-09-30","8.513684","8.786842"
"7","8.857727","7.551364","7.529545","7.877727","8.719545","8.068636","1990-10-31","8.327727","8.593636"
"7","8.540500","7.313500","7.385000","7.599500","8.3920","7.737000","1990-11-30","8.0225","8.276500"
"7","8.2370","7.050500","7.026500","7.3140","8.0750","7.466000","1990-12-31","7.7265","8.000500"
"6","8.269524","6.644286","6.575714","7.125238","8.091905","7.377619","1991-01-31","7.700000","7.970476"
"6","8.034211","6.266842","6.194737","6.866842","7.854737","7.077368","1991-02-28","7.472632","7.732632"
"6","8.2880","6.3960","6.1985","7.1030","8.110000","7.353500","1991-03-31","7.7720","8.002500"
"6","8.209545","6.235909","5.976818","6.948182","8.039091","7.231818","1991-04-30","7.700909","7.922727"
"6","8.267273","6.130455","5.873182","6.783636","8.067727","7.116818","1991-05-31","7.701364","7.942273"
"6","8.472000","6.358500","6.024000","6.9560","8.284000","7.391500","1991-06-30","7.937000","8.171000"
"6","8.452273","6.305455","5.974545","6.917727","8.272727","7.375909","1991-07-31","7.911364","8.146818"
"5","8.143636","5.778182","5.633636","6.433182","7.900000","6.797273","1991-08-31","7.4250","7.7400"
"5","7.9480","5.5725","5.479000","6.181500","7.650000","6.5000","1991-09-30","7.136000","7.4765"
"5","7.930455","5.333636","5.259091","5.912273","7.527273","6.229091","1991-10-31","6.871364","7.246364"
"5","7.921579","4.889474","4.801053","5.558947","7.417368","5.903684","1991-11-30","6.617895","7.058947"
"4","7.701905","4.378095","4.261429","5.025714","7.088571","5.392857","1991-12-31","6.186190","6.685238"
"4","7.581905","4.150952","4.010000","4.958095","7.032381","5.395714","1992-01-31","6.242857","6.704762"
"4","7.854737","4.287368","4.076316","5.212105","7.337895","5.720000","1992-02-29","6.577895","6.962105"
"4","7.969545","4.634545","4.330909","5.685000","7.542273","6.183182","1992-03-31","6.945455","7.257273"
"4","7.962381","4.299048","4.002857","5.344286","7.480476","5.925238","1992-04-30","6.784286","7.152857"
"4","7.8910","4.189500","3.8815","5.225500","7.392000","5.8135","1992-05-31","6.6925","7.0615"
"4","7.841818","4.165909","3.895000","5.048182","7.261818","5.597273","1992-06-30","6.482727","6.904545"
"3","7.598182","3.595909","3.383182","4.355455","6.844545","4.906364","1992-07-31","5.836818","6.357273"
"3","7.390476","3.471905","3.310952","4.192857","6.585714","4.724762","1992-08-31","5.596190","6.121905"
"3","7.340952","3.184286","3.041905","3.894286","6.415238","4.415238","1992-09-30","5.3800","5.960952"
"3","7.531905","3.302381","3.127619","4.082857","6.589048","4.638095","1992-10-31","5.600476","6.154762"
"3","7.606842","3.682105","3.439474","4.579474","6.873158","5.140526","1992-11-30","6.037895","6.4900"
"3","7.436364","3.711364","3.468636","4.673636","6.770000","5.213636","1992-12-31","6.075909","6.456818"
"3","7.341579","3.496316","3.237895","4.3900","6.6000","4.932632","1993-01-31","5.833684","6.2600"
"3","7.089474","3.385789","3.160526","4.098421","6.258947","4.578947","1993-02-28","5.428947","5.868947"
"3","6.821739","3.333043","3.145652","3.949565","5.975217","4.401304","1993-03-31","5.194783","5.655652"
"3","6.854286","3.244286","3.062857","3.837619","5.969524","4.302381","1993-04-30","5.132857","5.593810"
"3","6.9190","3.363500","3.165500","3.977000","6.0355","4.404500","1993-05-31","5.198000","5.659000"
"3","6.807273","3.536364","3.294545","4.163636","5.962727","4.530909","1993-06-30","5.216818","5.611818"
"3","6.625714","3.474762","3.257619","4.071905","5.805238","4.429524","1993-07-31","5.090952","5.476190"
"3","6.323182","3.443636","3.235455","4.001364","5.677727","4.363636","1993-08-31","5.025000","5.353182"
"3","5.997143","3.356190","3.150952","3.847143","5.3600","4.165238","1993-09-30","4.734762","5.076190"
"3","5.939000","3.392000","3.2190","3.8745","5.334000","4.175000","1993-10-31","4.707000","5.0540"
"3","6.210000","3.579000","3.361500","4.1555","5.724000","4.4980","1993-11-30","5.0630","5.447000"
"3","6.251818","3.607273","3.335455","4.212273","5.774091","4.5400","1993-12-31","5.146818","5.484091"
"3","6.291000","3.542500","3.253000","4.1400","5.750500","4.479000","1994-01-31","5.0870","5.431000"
"3","6.490526","3.865789","3.534737","4.474211","5.973158","4.832105","1994-02-28","5.395263","5.719474"
"4","6.906522","4.319130","3.914783","4.995217","6.482609","5.395652","1994-03-31","5.941304","6.2800"
"4","7.268947","4.815789","4.247368","5.549474","6.972105","5.994211","1994-04-30","6.524211","6.804211"
"4","7.412381","5.314286","4.785714","5.968095","7.183333","6.336190","1994-05-31","6.780000","7.006190"
"4","7.3950","5.267273","4.719545","5.931364","7.101364","6.268182","1994-06-30","6.695455","6.906818"
"4","7.579000","5.4765","4.9535","6.130000","7.2980","6.476000","1994-07-31","6.909500","7.124500"
"5","7.486087","5.562174","5.081739","6.177391","7.236087","6.495652","1994-08-31","6.877826","7.062174"
"5","7.712381","5.762857","5.240000","6.392381","7.457143","6.692857","1994-09-30","7.083333","7.283333"
"5","7.935000","6.114500","5.621000","6.728500","7.7440","7.041500","1994-10-31","7.403000","7.5815"
"5","8.081500","6.540000","5.9750","7.1485","7.9550","7.4400","1994-11-30","7.717500","7.830000"
"6","7.871429","7.136190","6.504762","7.589524","7.813810","7.709524","1994-12-31","7.776190","7.801429"
"6","7.846500","7.050500","6.506000","7.507000","7.779500","7.6625","1995-01-31","7.756000","7.791500"
"6","7.611579","6.696842","6.308421","7.111579","7.469474","7.247368","1995-02-28","7.365789","7.440526"
"6","7.447826","6.431739","6.172609","6.775652","7.204783","6.892174","1995-03-31","7.047391","7.142609"
"6","7.360526","6.265789","6.046316","6.567895","7.062632","6.684211","1995-04-30","6.860000","6.951053"
"6","6.950000","5.997727","5.930455","6.170909","6.632727","6.268636","1995-05-31","6.414545","6.503182"
"6","6.573182","5.642273","5.661818","5.715909","6.168182","5.795909","1995-06-30","5.928636","6.047273"
"6","6.721000","5.594000","5.618500","5.780000","6.278000","5.885500","1995-07-31","6.008500","6.199000"
"6","6.860435","5.752609","5.650435","5.980870","6.488261","6.102609","1995-08-31","6.243913","6.411739"
"5","6.549000","5.6200","5.537000","5.806000","6.1975","5.8910","1995-09-30","6.0015","6.131500"
"5","6.374762","5.590476","5.564762","5.697143","6.044762","5.771905","1995-10-31","5.862857","5.967143"
"6","6.262857","5.432857","5.505714","5.478571","5.930476","5.569524","1995-11-30","5.694286","5.8300"
"5","6.062500","5.3070","5.349000","5.324500","5.711500","5.386500","1995-12-31","5.513500","5.6315"
"5","6.051905","5.087619","5.132857","5.112381","5.652381","5.204762","1996-01-31","5.362381","5.539048"
"5","6.242000","4.942000","4.966500","5.025500","5.8055","5.143000","1996-02-29","5.3795","5.6380"
"5","6.604286","5.342381","5.158571","5.660952","6.268571","5.785714","1996-03-31","5.966190","6.189524"
"5","6.794091","5.537727","5.267727","5.957273","6.511364","6.107727","1996-04-30","6.300909","6.4800"
"5","6.927727","5.636818","5.330909","6.0950","6.736818","6.271364","1996-05-31","6.483182","6.656818"
"5","7.059000","5.810000","5.462000","6.297000","6.912000","6.485000","1996-06-30","6.689500","6.834000"
"5","7.033182","5.850909","5.524091","6.270000","6.865455","6.453636","1996-07-31","6.635909","6.758182"
"5","6.841818","5.666818","5.341364","6.029091","6.635455","6.206364","1996-08-31","6.389091","6.515000"
"5","7.026000","5.8330","5.453500","6.2340","6.832000","6.407500","1996-09-30","6.597000","6.730000"
"5","6.808636","5.550000","5.316364","5.912727","6.533636","6.078636","1996-10-31","6.270455","6.420000"
"5","6.481579","5.423158","5.273684","5.701579","6.203684","5.818421","1996-11-30","5.973158","6.097368"
"5","6.552381","5.471905","5.243333","5.781905","6.302381","5.906667","1996-12-31","6.068095","6.199048"
"5","6.826667","5.612381","5.307619","6.008095","6.579048","6.155714","1997-01-31","6.333333","6.471429"
"5","6.687895","5.525263","5.265263","5.898421","6.419474","6.032632","1997-02-28","6.198947","6.318947"
"5","6.932500","5.795500","5.4790","6.2220","6.6945","6.378500","1997-03-31","6.537000","6.653500"
"5","7.092727","5.988182","5.5950","6.448182","6.885455","6.6050","1997-04-30","6.759091","6.8600"
"5","6.935714","5.869524","5.527619","6.276667","6.710952","6.421429","1997-05-31","6.567619","6.658571"
"5","6.772381","5.691905","5.338571","6.094762","6.493810","6.237143","1997-06-30","6.375238","6.458095"
"5","6.5100","5.541818","5.329545","5.890909","6.220455","6.001364","1997-07-31","6.120909","6.201818"
"5","6.578571","5.564762","5.401429","5.939048","6.298571","6.059524","1997-08-31","6.160000","6.290476"
"5","6.495238","5.523810","5.295714","5.881905","6.208571","5.975714","1997-09-30","6.106190","6.200952"
"5","6.326364","5.456364","5.299091","5.771818","6.029545","5.839091","1997-10-31","5.928182","6.054091"
"5","6.109444","5.457222","5.376667","5.712778","5.875000","5.755000","1997-11-30","5.803889","5.901667"
"5","5.9900","5.525000","5.451364","5.7150","5.808636","5.741818","1997-12-31","5.773182","5.825000"
"5","5.811000","5.244500","5.230500","5.357000","5.544500","5.3750","1998-01-31","5.4160","5.5305"
"5","5.891053","5.308421","5.274211","5.417895","5.574737","5.434211","1998-02-28","5.492632","5.603158"
"5","5.948182","5.389545","5.248182","5.561364","5.647273","5.566818","1998-03-31","5.611818","5.709091"
"5","5.923810","5.379048","5.262857","5.564286","5.637619","5.580952","1998-04-30","5.611905","5.695714"
"5","5.9265","5.440000","5.356500","5.593500","5.652500","5.607500","1998-05-31","5.6280","5.718500"
"5","5.703636","5.408636","5.323636","5.5200","5.496364","5.518636","1998-06-30","5.524091","5.563182"
"5","5.676818","5.358182","5.227727","5.458182","5.461364","5.466364","1998-07-31","5.461364","5.520909"
"5","5.540476","5.205238","5.151905","5.268571","5.341905","5.239048","1998-08-31","5.274762","5.358571"
"5","5.204762","4.710952","4.810476","4.666190","4.806667","4.615714","1998-09-30","4.623810","4.761905"
"4","5.010476","4.121429","4.196190","4.091905","4.530000","4.179048","1998-10-31","4.184286","4.457619"
"5","5.248421","4.525263","4.586842","4.5400","4.827368","4.572105","1998-11-30","4.537368","4.775789"
"4","5.059091","4.518636","4.568182","4.506364","4.645000","4.484545","1998-12-31","4.450000","4.649091"
"4","5.157895","4.514211","4.488421","4.615263","4.722105","4.611579","1999-01-31","4.600526","4.795263"
"5","5.365263","4.702632","4.607368","4.876316","4.998947","4.900526","1999-02-28","4.914737","5.098421"
"5","5.580435","4.781304","4.646522","5.053043","5.232609","5.105652","1999-03-31","5.140435","5.360000"
"4","5.547727","4.690000","4.544545","4.976818","5.184545","5.032273","1999-04-30","5.079545","5.280000"
"5","5.8055","4.8490","4.7460","5.254500","5.539500","5.3330","1999-05-31","5.437000","5.6445"
"5","6.041818","5.096818","5.029545","5.618636","5.899545","5.697273","1999-06-30","5.809091","6.047727"
"5","5.983333","5.031905","4.753810","5.554762","5.791905","5.618095","1999-07-31","5.678571","5.944286"
"5","6.068636","5.197727","5.088182","5.678182","5.939091","5.766364","1999-08-31","5.841364","6.150909"
"5","6.071429","5.251429","5.084286","5.661905","5.915238","5.745714","1999-09-30","5.801905","6.119048"
"5","6.2635","5.4290","5.2005","5.8625","6.112000","5.942500","1999-10-31","6.033500","6.329500"
"5","6.145000","5.553500","5.428000","5.862000","6.034000","5.9185","1999-11-30","5.969000","6.1730"
"5","6.351364","5.842273","5.684091","6.104545","6.275455","6.142727","1999-12-31","6.186364","6.376818"
"5","6.6255","6.1215","5.7595","6.440000","6.661000","6.489000","2000-01-31","6.579500","6.702500"
"6","6.2320","6.218000","5.995500","6.610500","6.519500","6.652500","2000-02-29","6.6780","6.716500"
"6","6.053478","6.222174","6.113478","6.528261","6.256522","6.528261","2000-03-31","6.503913","6.506522"
"6","5.846316","6.150526","6.069474","6.403684","5.990526","6.356316","2000-04-30","6.262632","6.265789"
"6","6.148636","6.326364","6.389091","6.809545","6.440455","6.767727","2000-05-31","6.687727","6.689545"
"6","5.926364","6.172727","6.238636","6.481818","6.097273","6.426364","2000-06-30","6.300909","6.326818"
"6","5.851000","6.082500","6.2735","6.339000","6.054000","6.277000","2000-07-31","6.1790","6.2235"
"6","5.716087","6.183043","6.354783","6.228696","5.826087","6.174348","2000-08-31","6.060870","6.050435"
"6","5.826500","6.1255","6.2495","6.0815","5.7990","6.016500","2000-09-30","5.934500","5.980500"
"6","5.803333","6.012381","6.315714","5.912381","5.738571","5.845714","2000-10-31","5.782857","5.837143"
"6","5.775714","6.091905","6.339048","5.875238","5.717143","5.786667","2000-11-30","5.697619","5.781429"
"6","5.490500","5.602500","5.9230","5.352000","5.2405","5.259500","2000-12-31","5.168000","5.283000"
"5","5.540952","4.814762","5.146190","4.760000","5.160952","4.774286","2001-01-31","4.858571","5.130476"
"5","5.454737","4.684211","4.888947","4.656842","5.098947","4.707895","2001-02-28","4.886316","5.097368"
"5","5.339545","4.298636","4.435455","4.342273","4.885455","4.428182","2001-03-31","4.642727","4.882727"
"4","5.646000","3.976500","3.985500","4.2340","5.1410","4.4230","2001-04-30","4.7635","5.034500"
"4","5.780000","3.781364","3.738182","4.260000","5.391364","4.507273","2001-05-31","4.927727","5.240000"
"4","5.669524","3.576190","3.559048","4.0800","5.284286","4.348095","2001-06-30","4.807143","5.138095"
"4","5.613333","3.617143","3.556667","4.038571","5.236190","4.313333","2001-07-31","4.761905","5.060952"
"3","5.483478","3.470435","3.386522","3.757391","4.971304","4.037826","2001-08-31","4.573913","4.843478"
"3","5.482941","2.824706","2.705882","3.118824","4.731765","3.450588","2001-09-30","4.115294","4.512353"
"2","5.315455","2.330455","2.170909","2.725909","4.566818","3.136818","2001-10-31","3.910000","4.307273"
"2","5.118000","2.182000","1.924000","2.782500","4.6515","3.2235","2001-11-30","3.972500","4.4220"
"2","5.480000","2.2155","1.815500","3.107000","5.0875","3.6245","2001-12-31","4.389500","4.8590"
"2","5.445238","2.158571","1.770952","3.028095","5.035714","3.556667","2002-01-31","4.3400","4.789524"
"2","5.400909","2.232632","1.863684","3.015263","4.911579","3.546316","2002-02-28","4.298421","4.714737"
"2","NaN","2.567000","2.0565","3.5575","5.2840","4.142000","2002-03-31","4.738000","5.136500"
"2","NaN","2.475909","1.975000","3.422727","5.210909","4.007273","2002-04-30","4.646818","5.016364"
"2","NaN","2.354091","1.911364","3.264091","5.164545","3.801818","2002-05-31","4.494545","4.900455"
"2","NaN","2.196500","1.8325","2.993000","4.9265","3.485000","2002-06-30","4.1860","4.6010"
"2","NaN","1.960909","1.736364","2.556818","4.653182","3.010909","2002-07-31","3.807273","4.304091"
"2","NaN","1.757273","1.637273","2.133636","4.257273","2.522273","2002-08-31","3.294545","3.875000"
"2","NaN","1.715000","1.6385","2.004500","3.870000","2.317000","2002-09-30","2.938000","3.4960"
"2","NaN","1.650000","1.589545","1.911818","3.940909","2.253636","2002-10-31","2.945000","3.536818"
"1","NaN","1.491579","1.297895","1.923158","4.048421","2.315263","2002-11-30","3.054737","3.644211"
"1","NaN","1.450000","1.267619","1.836190","4.032381","2.234762","2002-12-31","3.033333","3.626667"
"1","NaN","1.364286","1.221905","1.743333","4.048571","2.182381","2003-01-31","3.052381","3.601905"
"1","NaN","1.296316","1.195263","1.627895","3.902632","2.050526","2003-02-28","2.897895","3.447895"
"1","NaN","1.240000","1.156667","1.573810","3.807143","1.975238","2003-03-31","2.783810","3.344762"
"1","NaN","1.267143","1.169048","1.622381","3.958571","2.059048","2003-04-30","2.928571","3.474286"
"1","NaN","1.181429","1.106190","1.415238","3.569048","1.747619","2003-05-31","2.515714","3.071429"
"1","NaN","1.009524","0.943333","1.227143","3.334286","1.514286","2003-06-30","2.265714","2.839524"
"1","NaN","1.116364","0.972727","1.474091","3.975455","1.932727","2003-07-31","2.872273","3.453182"
"1","NaN","1.308571","1.052381","1.864286","4.445238","2.435238","2003-08-31","3.370000","3.962381"
"1","NaN","1.237619","1.029048","1.706190","4.274286","2.233333","2003-09-30","3.184762","3.744286"
"1","NaN","1.254091","1.019545","1.747727","4.290455","2.263636","2003-10-31","3.185909","3.751364"
"1","NaN","1.336667","1.042222","1.926667","4.300000","2.450556","2003-11-30","3.287222","3.808333"
"1","NaN","1.305909","1.010909","1.907273","4.267727","2.440000","2003-12-31","3.268636","3.790455"
"1","NaN","1.239500","0.990000","1.761000","4.150500","2.271000","2004-01-31","3.1215","3.646500"
"1","NaN","1.243684","1.011053","1.740000","4.084211","2.246842","2004-02-29","3.067895","3.585263"
"1","NaN","1.187391","1.009130","1.577826","3.826522","2.000000","2004-03-31","2.786957","3.306087"
"1","NaN","1.433810","1.109048","2.070952","4.347619","2.568095","2004-04-30","3.389524","3.892381"
"1","NaN","1.777500","1.333500","2.533500","4.715500","3.0975","2004-05-31","3.850500","4.313000"
"1","NaN","2.115238","1.635238","2.763333","4.733810","3.256190","2004-06-30","3.929048","4.352381"
"1","NaN","2.095238","1.696190","2.638571","4.498095","3.046190","2004-07-31","3.688571","4.111905"
"2","NaN","2.015909","1.760000","2.508182","4.281364","2.884545","2004-08-31","3.474545","3.904091"
"2","NaN","2.116667","1.910476","2.525238","4.125714","2.829524","2004-09-30","3.355238","3.751429"
"2","NaN","2.228000","2.0515","2.5845","4.097000","2.8535","2004-10-31","3.347500","3.7480"
"2","NaN","2.500000","2.324500","2.852000","4.194000","3.0935","2004-11-30","3.5250","3.882000"
"2","NaN","2.670455","2.496818","3.011818","4.230909","3.214091","2004-12-31","3.598182","3.927727"
"2","NaN","2.8605","2.6755","3.222500","4.221500","3.390000","2005-01-31","3.707000","3.9735"
"3","NaN","3.029474","2.845789","3.384737","4.165263","3.535263","2005-02-28","3.766316","3.965789"
"3","NaN","3.302273","3.086818","3.726818","4.497727","3.913182","2005-03-31","4.165455","4.327727"
"3","NaN","3.316667","3.144286","3.653810","4.340952","3.789524","2005-04-30","3.998571","4.158095"
"3","NaN","3.330952","3.170952","3.643810","4.144286","3.724762","2005-05-31","3.852857","3.941429"
"3","NaN","3.363182","3.221818","3.640455","3.998182","3.685000","2005-06-30","3.772273","3.860455"
"3","NaN","3.641000","3.5265","3.871000","4.1775","3.914000","2005-07-31","3.979000","4.0580"
"4","NaN","3.872174","3.784783","4.044348","4.262609","4.078696","2005-08-31","4.122174","4.177826"
"3","NaN","3.845238","3.793810","3.946190","4.199048","3.962857","2005-09-30","4.006190","4.080476"
"4","NaN","4.1755","4.125000","4.2710","4.463500","4.2905","2005-10-31","4.3285","4.3820"
"4","NaN","4.334000","4.2950","4.4165","4.535000","4.433500","2005-11-30","4.4525","4.482000"
"4","NaN","4.352857","4.327619","4.404286","4.467143","4.391905","2005-12-31","4.392381","4.413810"
"4","NaN","4.4450","4.469500","4.395500","4.4160","4.3515","2006-01-31","4.345500","4.365000"
"5","4.536923","4.684737","4.691579","4.668421","4.568947","4.637368","2006-02-28","4.572105","4.564211"
"5","4.734348","4.773478","4.792174","4.733913","4.723913","4.738261","2006-03-31","4.716087","4.713913"
"5","5.062632","4.897368","4.900000","4.888947","4.990526","4.885263","2006-04-30","4.902105","4.935263"
"5","5.201364","4.995000","5.0100","4.968182","5.1100","4.974545","2006-05-31","4.997727","5.032273"
"5","5.154091","5.155000","5.172727","5.121818","5.106364","5.088182","2006-06-30","5.067273","5.075455"
"5","5.134500","5.217500","5.266500","5.118500","5.0875","5.0700","2006-07-31","5.040000","5.0485"
"5","4.996087","5.082609","5.172609","4.903478","4.876522","4.846087","2006-08-31","4.822174","4.828696"
"5","4.852000","4.9745","5.0785","4.769000","4.7190","4.6925","2006-09-30","4.667500","4.6760"
"5","4.854762","5.010000","5.119048","4.795714","4.729048","4.721905","2006-10-31","4.686667","4.6900"
"5","4.685714","5.010952","5.147143","4.740476","4.595238","4.642857","2006-11-30","4.582381","4.581905"
"5","4.682500","4.9415","5.0720","4.673500","4.5645","4.578000","2006-12-31","4.533000","4.5355"
"5","4.851905","5.057143","5.148571","4.876190","4.759524","4.794286","2007-01-31","4.752857","4.752381"
"5","4.821579","5.053684","5.157895","4.848947","4.722632","4.753684","2007-02-28","4.710526","4.711053"
"5","4.721818","4.920455","5.096818","4.573636","4.564545","4.506364","2007-03-31","4.480909","4.498636"
"5","4.866190","4.932381","5.067619","4.666190","4.693810","4.601429","2007-04-30","4.593333","4.616667"
"5","4.901364","4.909091","4.978636","4.766364","4.746364","4.693636","2007-05-31","4.667273","4.685455"
"5","5.203333","4.962381","4.954762","4.980476","5.102857","4.999048","2007-06-30","5.026190","5.053810"
"5","5.108095","4.964286","5.035238","4.819048","5.004286","4.823810","2007-07-31","4.884762","4.932857"
"4","4.932174","4.472174","4.553043","4.313043","4.674783","4.338696","2007-08-31","4.432174","4.526957"
"4","4.793158","4.136842","4.201579","4.011579","4.521579","4.060526","2007-09-30","4.198947","4.330000"
"4","4.773636","4.096818","4.164091","3.967727","4.527727","4.010909","2007-10-31","4.198182","4.331818"
"3","4.520000","3.499000","3.581000","3.3365","4.1485","3.3470","2007-11-30","3.667000","3.866000"
"3","4.5270","3.263000","3.337000","3.1170","4.0975","3.132500","2007-12-31","3.4875","3.743000"
"3","4.330476","2.711429","2.836190","2.475714","3.744286","2.511429","2008-01-31","2.980476","3.307143"
"2","4.517000","2.053500","2.098000","1.973000","3.7375","2.188000","2008-02-29","2.7790","3.2095"
"1","4.393000","1.5440","1.507000","1.617000","3.510000","1.796500","2008-03-31","2.483500","2.932000"
"1","4.443182","1.738182","1.582727","2.047273","3.6750","2.232727","2008-04-30","2.841364","3.193636"
"2","4.596190","2.055714","1.863333","2.445714","3.880000","2.689524","2008-05-31","3.153333","3.460000"
"2","4.689048","2.419524","2.185238","2.773810","4.099524","3.075238","2008-06-30","3.485238","3.733810"
"2","4.570909","2.281818","1.975909","2.573182","4.007727","2.872727","2008-07-31","3.303182","3.595909"
"2","4.501905","2.177143","1.967143","2.420476","3.885714","2.699048","2008-08-31","3.141905","3.459048"
"1","4.269048","1.912857","1.640952","2.076190","3.686190","2.315714","2008-09-30","2.884286","3.248571"
"1","4.173182","1.420455","1.225909","1.612273","3.814091","1.864545","2008-10-31","2.726364","3.186818"
"0","4.004444","1.066667","0.741111","1.212778","3.526667","1.514444","2008-11-30","2.291667","2.818889"
"0","2.8700","0.494545","0.255909","0.820909","2.416364","1.0700","2008-12-31","1.521818","1.892727"
"0","3.128000","0.444500","0.3045","0.8070","2.517500","1.1340","2009-01-31","1.596500","1.978000"
"0","3.586842","0.622632","0.458947","0.975263","2.870000","1.368947","2009-02-28","1.871579","2.303158"
"0","3.643182","0.644091","0.425909","0.931364","2.819545","1.312273","2009-03-31","1.815909","2.417727"
"0","3.7600","0.547619","0.350476","0.927143","2.927143","1.316667","2009-04-30","1.858095","2.465238"
"0","4.227000","0.501500","0.303500","0.9295","3.293000","1.3925","2009-05-31","2.134000","2.810500"
"0","4.516364","0.513636","0.314545","1.184091","3.721818","1.759545","2009-06-30","2.705909","3.365000"
"0","4.406818","0.478636","0.279545","1.019091","3.562273","1.548182","2009-07-31","2.462727","3.138182"
"0","4.370952","0.459048","0.269048","1.115238","3.587143","1.648571","2009-08-31","2.570952","3.213810"
"0","4.185714","0.404762","0.207143","0.956190","3.401905","1.477619","2009-09-30","2.369048","3.016667"
"0","4.188571","0.374762","0.160476","0.949048","3.387619","1.463810","2009-10-31","2.332857","2.963333"
"0","4.314737","0.313158","0.154737","0.803158","3.402632","1.316316","2009-11-30","2.230526","2.921579"
"0","4.494091","0.371364","0.167727","0.874545","3.590000","1.383182","2009-12-31","2.340455","3.074545"
"0","4.604737","0.345789","0.148421","0.928947","3.733158","1.492105","2010-01-31","2.484211","3.208947"
"0","4.619474","0.345789","0.181053","0.856842","3.691053","1.401053","2010-02-28","2.363684","3.122632"
"0","4.644783","0.395652","0.225652","0.958696","3.727391","1.505652","2010-03-31","2.433043","3.161739"
"0","4.693182","0.445000","0.244091","1.060455","3.846818","1.638182","2010-04-30","2.581364","3.281818"
"0","4.2860","0.371000","0.223500","0.8305","3.420000","1.319000","2010-05-31","2.180000","2.8610"
"0","4.127727","0.318182","0.190909","0.724545","3.204091","1.174545","2010-06-30","1.996364","2.655909"
"0","3.994286","0.291429","0.200476","0.616667","3.011429","0.978571","2010-07-31","1.762857","2.434286"
"0","3.803182","0.259091","0.191364","0.520455","2.698636","0.783636","2010-08-31","1.465455","2.100455"
"0","3.773333","0.256667","0.193333","0.480000","2.647619","0.741905","2010-09-30","1.410476","2.051429"
"0","3.872500","0.228000","0.176500","0.3760","2.5400","0.5685","2010-10-31","1.182500","1.851500"
"0","4.1860","0.252000","0.1820","0.454000","2.763000","0.6740","2010-11-30","1.3500","2.0235"
"0","4.417727","0.294091","0.193182","0.618182","3.290909","0.993182","2010-12-31","1.934545","2.657727"
"0","4.523000","0.273500","0.1815","0.614500","3.394000","1.027500","2011-01-31","1.994500","2.723500"
"0","4.652105","0.286316","0.168421","0.772632","3.576316","1.283158","2011-02-28","2.257895","2.961579"
"0","4.513913","0.259130","0.156522","0.697391","3.414348","1.174348","2011-03-31","2.113478","2.799130"
"0","4.5015","0.246500","0.119500","0.734500","3.455000","1.2100","2011-04-30","2.1690","2.837000"
"0","4.293333","0.188095","0.086667","0.555238","3.168571","0.935238","2011-05-31","1.842381","2.513810"
"0","4.232727","0.180909","0.101364","0.410455","3.002273","0.711364","2011-06-30","1.580000","2.286818"
"0","4.2705","0.1850","0.084000","0.406500","3.0030","0.6800","2011-07-31","1.5410","2.277000"
"0","3.651304","0.114783","0.062174","0.230435","2.303043","0.383043","2011-08-31","1.021304","1.629130"
"0","3.182381","0.104762","0.043333","0.211429","1.975238","0.353810","2011-09-30","0.900476","1.419524"
"0","3.1280","0.1145","0.054500","0.2805","2.152000","0.471000","2011-10-31","1.061500","1.619000"
"0","3.015500","0.112000","0.046500","0.253500","2.013500","0.393500","2011-11-30","0.9080","1.4520"
"0","2.982381","0.115238","0.048571","0.257143","1.978095","0.387143","2011-12-31","0.891429","1.429048"
"0","3.0260","0.115000","0.065500","0.2405","1.966500","0.358000","2012-01-31","0.8350","1.380500"
"0","3.1090","0.1610","0.1240","0.278000","1.967500","0.384500","2012-02-29","0.831000","1.3735"
"0","3.281364","0.190000","0.142273","0.344545","2.172727","0.507727","2012-03-31","1.017273","1.564545"
"0","3.184286","0.183333","0.139048","0.291905","2.052857","0.431905","2012-04-30","0.894762","1.425238"
"0","2.930909","0.191818","0.145455","0.2850","1.803182","0.388182","2012-05-31","0.761818","1.213182"
"0","2.698095","0.189048","0.148095","0.291905","1.622381","0.389048","2012-06-30","0.711429","1.0800"
"0","2.590000","0.185714","0.145714","0.248095","1.526667","0.330952","2012-07-31","0.619524","0.984286"
"0","2.770870","0.183478","0.140435","0.268696","1.678261","0.367826","2012-08-31","0.713913","1.135217"
"0","2.881579","0.175789","0.137368","0.255263","1.723158","0.338421","2012-09-30","0.668947","1.118421"
"0","2.900476","0.179524","0.149048","0.277143","1.746190","0.369048","2012-10-31","0.708571","1.145714"
"0","2.803500","0.178500","0.144500","0.268000","1.6540","0.355000","2012-11-30","0.6650","1.076500"
"0","2.8835","0.1585","0.119500","0.2570","1.719000","0.3540","2012-12-31","0.696000","1.134500"
"0","3.080476","0.145238","0.107619","0.265238","1.914762","0.390476","2013-01-31","0.805238","1.298571"
"0","3.165263","0.157368","0.124211","0.267368","1.984211","0.398421","2013-02-28","0.846316","1.348421"
"0","3.162500","0.147500","0.114500","0.2560","1.9575","0.3860","2013-03-31","0.818500","1.317500"
"0","2.932727","0.124545","0.094091","0.232273","1.759091","0.340455","2013-04-30","0.710455","1.152273"
"0","3.112727","0.118636","0.080909","0.250455","1.928182","0.395909","2013-05-31","0.840909","1.310909"
"0","3.400000","0.1420","0.087500","0.3335","2.300000","0.577000","2013-06-30","1.2035","1.7140"
"0","3.6050","0.121818","0.073636","0.340909","2.582273","0.644091","2013-07-31","1.403182","1.991364"
"0","3.757727","0.126818","0.071818","0.356364","2.737273","0.704545","2013-08-31","1.520455","2.152273"
"0","3.787000","0.118500","0.041500","0.404000","2.8095","0.7795","2013-09-30","1.596000","2.2165"
"0","3.675909","0.121364","0.075909","0.335455","2.615909","0.627727","2013-10-31","1.366818","1.993636"
"0","3.800000","0.121579","0.098421","0.303684","2.718421","0.580000","2013-11-30","1.371053","2.069474"
"0","3.889048","0.132857","0.095238","0.340000","2.901905","0.685238","2013-12-31","1.576190","2.285714"
"0","3.769048","0.116190","0.069048","0.393810","2.858095","0.779524","2014-01-31","1.646667","2.293810"
"0","3.662632","0.116842","0.081053","0.326842","2.709474","0.688421","2014-02-28","1.515789","2.152632"
"0","3.620952","0.128095","0.078571","0.399048","2.723333","0.816667","2014-03-31","1.639524","2.233333"
"0","3.517619","0.107619","0.053333","0.417143","2.705238","0.884762","2014-04-30","1.700952","2.269524"
"0","3.390000","0.096667","0.051905","0.389048","2.559048","0.826190","2014-05-31","1.592857","2.120952"
"0","3.420000","0.104762","0.060476","0.452381","2.598571","0.904762","2014-06-30","1.679048","2.193333"
"0","3.331818","0.111364","0.059545","0.506364","2.542273","0.973636","2014-07-31","1.699545","2.172727"
"0","3.200952","0.107143","0.052381","0.472381","2.4200","0.927619","2014-08-31","1.631429","2.080476"
"0","3.2600","0.109524","0.043810","0.566667","2.534286","1.050952","2014-09-30","1.773810","2.220476"
"0","3.040000","0.104545","0.050455","0.445455","2.304091","0.875000","2014-10-31","1.545909","1.980455"
"0","3.038333","0.134444","0.069444","0.527222","2.325556","0.962778","2014-11-30","1.620556","2.028889"
"0","2.833182","0.214545","0.106364","0.635455","2.207273","1.064091","2014-12-31","1.6400","1.980455"
"0","2.4550","0.195500","0.083000","0.551500","1.881500","0.897000","2015-01-31","1.374500","1.671500"
"0","2.566316","0.224211","0.071053","0.618947","1.975263","0.991579","2015-02-28","1.472632","1.787895"
"0","2.626364","0.253636","0.110000","0.640455","2.042727","1.016818","2015-03-31","1.519091","1.842273"
"0","2.585909","0.233636","0.093636","0.5400","1.935000","0.865455","2015-04-30","1.354545","1.690909"
"0","2.955000","0.241000","0.079500","0.6090","2.197500","0.9770","2015-05-31","1.538500","1.933000"
"0","3.111818","0.275455","0.086818","0.688636","2.363636","1.065000","2015-06-30","1.683636","2.099545"
"0","3.066364","0.296818","0.116364","0.667727","2.324545","1.026364","2015-07-31","1.632273","2.041818"
"0","2.855714","0.375714","0.220000","0.697619","2.167143","1.0300","2015-08-31","1.541429","1.908095"
"0","2.952857","0.373333","0.179524","0.713333","2.172857","1.013333","2015-09-30","1.490000","1.876190"
"0","2.888095","0.263333","0.113810","0.644762","2.070000","0.926667","2015-10-31","1.385714","1.762381"
"0","3.0300","0.476842","0.327895","0.884737","2.263158","1.204211","2015-11-30","1.671053","2.024737"
"0","2.9700","0.653636","0.499091","0.982727","2.242727","1.280455","2015-12-31","1.698636","2.038182"
"0","2.9800","0.6100","0.4900","1.0200","2.2400","1.3100","2016-01-31","1.7300","2.0600"
